{
  "token_acc":1.0,
  "token_p":1.0,
  "token_r":1.0,
  "token_f":1.0,
  "ents_p":0.881027668,
  "ents_r":0.8510069676,
  "ents_f":0.8657571491,
  "ents_per_type":{
    "B-Artist":{
      "p":0.8743589744,
      "r":0.8857142857,
      "f":0.88
    },
    "I-Artist":{
      "p":0.8728606357,
      "r":0.8825710754,
      "f":0.8776889982
    },
    "B-AnatomicalStructure":{
      "p":0.9375,
      "r":0.8035714286,
      "f":0.8653846154
    },
    "I-WrittenWork":{
      "p":0.9005681818,
      "r":0.9057142857,
      "f":0.9031339031
    },
    "B-WrittenWork":{
      "p":0.8481675393,
      "r":0.84375,
      "f":0.8459530026
    },
    "I-ORG":{
      "p":0.9255079007,
      "r":0.9050772627,
      "f":0.9151785714
    },
    "B-ORG":{
      "p":0.8628762542,
      "r":0.8657718121,
      "f":0.864321608
    },
    "B-Symptom":{
      "p":0.8,
      "r":0.9032258065,
      "f":0.8484848485
    },
    "I-Symptom":{
      "p":0.8947368421,
      "r":0.85,
      "f":0.8717948718
    },
    "B-Cleric":{
      "p":0.8510638298,
      "r":0.8,
      "f":0.824742268
    },
    "I-Cleric":{
      "p":0.8709677419,
      "r":0.7941176471,
      "f":0.8307692308
    },
    "B-VisualWork":{
      "p":0.900990099,
      "r":0.7744680851,
      "f":0.8329519451
    },
    "I-VisualWork":{
      "p":0.8550724638,
      "r":0.8309859155,
      "f":0.8428571429
    },
    "B-Facility":{
      "p":0.9112149533,
      "r":0.8369098712,
      "f":0.8724832215
    },
    "I-Facility":{
      "p":0.9080118694,
      "r":0.8337874659,
      "f":0.8693181818
    },
    "B-Disease":{
      "p":0.8133333333,
      "r":0.884057971,
      "f":0.8472222222
    },
    "I-Disease":{
      "p":0.9387755102,
      "r":0.9019607843,
      "f":0.92
    },
    "B-OtherPER":{
      "p":0.8711484594,
      "r":0.8227513228,
      "f":0.8462585034
    },
    "I-OtherPER":{
      "p":0.8617511521,
      "r":0.7974413646,
      "f":0.8283499446
    },
    "B-HumanSettlement":{
      "p":0.9214559387,
      "r":0.9339805825,
      "f":0.9276759884
    },
    "I-HumanSettlement":{
      "p":0.9607843137,
      "r":0.9760956175,
      "f":0.9683794466
    },
    "B-PublicCorp":{
      "p":0.8481012658,
      "r":0.858974359,
      "f":0.8535031847
    },
    "B-Vehicle":{
      "p":0.8108108108,
      "r":0.8108108108,
      "f":0.8108108108
    },
    "B-CarManufacturer":{
      "p":0.9411764706,
      "r":0.64,
      "f":0.7619047619
    },
    "I-OtherPROD":{
      "p":0.8461538462,
      "r":0.8191489362,
      "f":0.8324324324
    },
    "B-OtherPROD":{
      "p":0.9140625,
      "r":0.829787234,
      "f":0.8698884758
    },
    "B-Politician":{
      "p":0.7738693467,
      "r":0.8461538462,
      "f":0.8083989501
    },
    "I-Politician":{
      "p":0.7230769231,
      "r":0.8468468468,
      "f":0.7800829876
    },
    "B-MusicalGRP":{
      "p":0.9398496241,
      "r":0.786163522,
      "f":0.8561643836
    },
    "B-Scientist":{
      "p":0.8484848485,
      "r":0.7567567568,
      "f":0.8
    },
    "I-Scientist":{
      "p":0.8461538462,
      "r":0.7415730337,
      "f":0.7904191617
    },
    "B-Athlete":{
      "p":0.8571428571,
      "r":0.8733153639,
      "f":0.8651535381
    },
    "I-Athlete":{
      "p":0.8702702703,
      "r":0.8496042216,
      "f":0.8598130841
    },
    "I-CarManufacturer":{
      "p":0.8695652174,
      "r":0.9090909091,
      "f":0.8888888889
    },
    "I-PublicCorp":{
      "p":0.9545454545,
      "r":0.8936170213,
      "f":0.9230769231
    },
    "B-MusicalWork":{
      "p":0.9068322981,
      "r":0.8295454545,
      "f":0.8664688427
    },
    "I-MusicalWork":{
      "p":0.9266055046,
      "r":0.8885630499,
      "f":0.9071856287
    },
    "B-SportsGRP":{
      "p":0.9172413793,
      "r":0.8060606061,
      "f":0.8580645161
    },
    "I-SportsGRP":{
      "p":0.9646464646,
      "r":0.8268398268,
      "f":0.8904428904
    },
    "B-SportsManager":{
      "p":0.9310344828,
      "r":0.7714285714,
      "f":0.84375
    },
    "I-SportsManager":{
      "p":0.9508196721,
      "r":0.8055555556,
      "f":0.8721804511
    },
    "B-Clothing":{
      "p":0.8205128205,
      "r":0.9696969697,
      "f":0.8888888889
    },
    "B-AerospaceManufacturer":{
      "p":0.9285714286,
      "r":0.8125,
      "f":0.8666666667
    },
    "B-Software":{
      "p":0.8117647059,
      "r":0.7752808989,
      "f":0.7931034483
    },
    "I-Software":{
      "p":0.8282828283,
      "r":0.7130434783,
      "f":0.7663551402
    },
    "B-Medication/Vaccine":{
      "p":0.8313253012,
      "r":0.8961038961,
      "f":0.8625
    },
    "B-PrivateCorp":{
      "p":1.0,
      "r":0.8461538462,
      "f":0.9166666667
    },
    "I-MusicalGRP":{
      "p":0.9139072848,
      "r":0.8117647059,
      "f":0.8598130841
    },
    "B-OtherLOC":{
      "p":0.8153846154,
      "r":0.7794117647,
      "f":0.7969924812
    },
    "I-OtherLOC":{
      "p":0.8518518519,
      "r":0.7731092437,
      "f":0.8105726872
    },
    "B-Station":{
      "p":0.8289473684,
      "r":0.8873239437,
      "f":0.8571428571
    },
    "I-Station":{
      "p":0.8942307692,
      "r":0.9489795918,
      "f":0.9207920792
    },
    "I-ArtWork":{
      "p":0.9642857143,
      "r":0.6923076923,
      "f":0.8059701493
    },
    "B-ArtWork":{
      "p":0.9642857143,
      "r":0.75,
      "f":0.84375
    },
    "I-AerospaceManufacturer":{
      "p":0.9333333333,
      "r":0.9655172414,
      "f":0.9491525424
    },
    "B-Food":{
      "p":0.9152542373,
      "r":0.6666666667,
      "f":0.7714285714
    },
    "I-AnatomicalStructure":{
      "p":0.9411764706,
      "r":0.9411764706,
      "f":0.9411764706
    },
    "I-PrivateCorp":{
      "p":1.0,
      "r":0.9428571429,
      "f":0.9705882353
    },
    "B-MedicalProcedure":{
      "p":0.775,
      "r":0.7380952381,
      "f":0.756097561
    },
    "I-Vehicle":{
      "p":0.8461538462,
      "r":0.7586206897,
      "f":0.8
    },
    "I-Medication/Vaccine":{
      "p":0.7894736842,
      "r":1.0,
      "f":0.8823529412
    },
    "I-Food":{
      "p":0.8333333333,
      "r":0.7142857143,
      "f":0.7692307692
    },
    "I-Clothing":{
      "p":0.8947368421,
      "r":1.0,
      "f":0.9444444444
    },
    "B-Drink":{
      "p":0.9285714286,
      "r":0.9069767442,
      "f":0.9176470588
    },
    "I-MedicalProcedure":{
      "p":0.7142857143,
      "r":0.9090909091,
      "f":0.8
    },
    "I-Drink":{
      "p":0.8823529412,
      "r":1.0,
      "f":0.9375
    }
  },
  "speed":1301.8258952714
}